INSERT INTO private_schools (id, name, image, location, capacity, teachersCount, type, lessons, lessonHours, schoolHours, parentReviewText, reviewerName, rating, sector, averageClassSize, branchesCount, reviewsCount, imagesCount, deals, monthlyPrice, classSizeCategory, educationSystem, physicalFacilities, services, activities, languages) VALUES ('school-1', 'Ä°stanbul Anadolu Bilim Koleji', 'https://images.unsplash.com/photo-1541339907198-e08756dedf3f?auto=format&fit=crop&w=600&q=80', 'Ä°stanbul / KadÄ±kĂ¶y / GĂ¶ztepe', 450, 38, 'Lise', '["Fen OlimpiyatlarÄ±","Robotik Kodlama","GiriĹźimcilik ve Finans"]', 'HaftalÄ±k 42 Ders Saati', '08:30 - 16:30 (Tam ZamanlÄ±)', 'OÄźlumuz bu okula baĹźladÄ±ÄźÄ±ndan beri bilim olimpiyatlarÄ±na merak saldÄ±. Robotik laboratuvarlarÄ± ve Ă¶Äźretmen kalitesi birinci sÄ±nÄ±f.', 'Ahmet & Canan YeĹźildere', 4.9, 'Ă–zel Okul', 16, 5, 44, 12, '["%30 Ä°ndirim","Kampanya","Yaz Okulu"]', 12500, '1-20 KiĹźilik', 'Ă‡oklu Zeka Modeli', '["Yemekhane","Bilgisayar LaboratuvarÄ±","KapalÄ± Spor Salonu","Konferans Salonu"]', '["GĂĽvenlik","Rehberlik","Servis"]', '["Futbol","Basketbol","Masa Tenisi"]', '["Ä°ngilizce","Almanca"]');
INSERT INTO private_schools (id, name, image, location, capacity, teachersCount, type, lessons, lessonHours, schoolHours, parentReviewText, reviewerName, rating, sector, averageClassSize, branchesCount, reviewsCount, imagesCount, deals, monthlyPrice, classSizeCategory, educationSystem, physicalFacilities, services, activities, languages) VALUES ('school-2', 'Avrupa Lisan ve Sanat Koleji', 'https://images.unsplash.com/photo-1523050854058-8df90110c9f1?auto=format&fit=crop&w=600&q=80', 'Ä°stanbul / BeĹźiktaĹź / Bebek', 320, 29, 'Ä°lkokul', '["AkÄ±cÄ± Ä°ngilizce (Cambridge)","B2 FransÄ±zca / Almanca","Drama ve YaÄźlÄ± Boya"]', 'HaftalÄ±k 36 Ders Saati', '09:00 - 15:30 (YarÄ±m/Tam Opsiyonu)', 'Ä°ki dilli eÄźitim iddiasÄ±nÄ± gerĂ§ekten hakkÄ±yla yerine getiren nadir okullardan. DĂ¶nem sonlarÄ±nda harika tiyatro oyunlarÄ± sahneliyorlar.', 'Yasemin GĂĽneĹź', 4.7, 'Ă–zel Okul', 12, 3, 32, 8, '["%15 Erken KayÄ±t","Kampanya"]', 14000, '1-15 KiĹźilik', 'Montessori EÄźitimi', '["Yemekhane","Havuz","Bilgisayar LaboratuvarÄ±","Konferans Salonu"]', '["GĂĽvenlik","Rehberlik","Yaz Okulu","Organik Beslenme"]', '["Voleybol","Judo","Masa Tenisi"]', '["Ä°ngilizce","FransÄ±zca","Almanca"]');
INSERT INTO private_schools (id, name, image, location, capacity, teachersCount, type, lessons, lessonHours, schoolHours, parentReviewText, reviewerName, rating, sector, averageClassSize, branchesCount, reviewsCount, imagesCount, deals, monthlyPrice, classSizeCategory, educationSystem, physicalFacilities, services, activities, languages) VALUES ('school-3', 'Yedi Tepe AkÄ±llÄ± DoÄźa Koleji', 'https://images.unsplash.com/photo-1509062522246-3755977927d7?auto=format&fit=crop&w=600&q=80', 'Ä°stanbul / ĂśskĂĽdar / KÄ±sÄ±klÄ±', 600, 45, 'Ortaokul', '["Yapay Zeka Destekli Derslikler","Ekolojik TarÄ±m AtĂ¶lyesi","SĂĽrdĂĽrĂĽlebilir TasarÄ±m"]', 'HaftalÄ±k 40 Ders Saati', '08:15 - 16:00', 'BahĂ§esindeki tarÄ±m uygulamalarÄ± ve Ă§ocuklarÄ±n kendi sebzelerini yetiĹźtirmesi Ă§ok ince dĂĽĹźĂĽnĂĽlmĂĽĹź bir vizyon. Tavsiye ederim.', 'Murat Kara', 4.8, 'Ă–zel Okul', 18, 8, 56, 22, '["%20 Ä°ndirim","Yaz Okulu"]', 11000, '1-20 KiĹźilik', 'Eklektik YaklaĹźÄ±m', '["Yemekhane","Havuz","KapalÄ± Spor Salonu","Futbol SahasÄ±"]', '["GĂĽvenlik","Rehberlik","Servis","Hafta sonu EÄźitim","Organik Beslenme"]', '["Futbol","Voleybol","Basketbol","Su Topu"]', '["Ä°ngilizce","Ä°spanyolca","Ä°talyanca"]');
INSERT INTO private_schools (id, name, image, location, capacity, teachersCount, type, lessons, lessonHours, schoolHours, parentReviewText, reviewerName, rating, sector, averageClassSize, branchesCount, reviewsCount, imagesCount, deals, monthlyPrice, classSizeCategory, educationSystem, physicalFacilities, services, activities, languages) VALUES ('school-4', 'KÄ±sÄ±klÄ± Devlet Klasik Anadolu Lisesi', 'https://images.unsplash.com/photo-1541339907198-e08756dedf3f?auto=format&fit=crop&w=600&q=80', 'Ä°stanbul / ĂśskĂĽdar / KÄ±sÄ±klÄ±', 700, 48, 'Lise', '["YKS Nokta AtÄ±ĹźÄ±","Edebiyat AtĂ¶lyeleri","KĂĽtĂĽphane AraĹźtÄ±rmalarÄ±"]', 'HaftalÄ±k 35 Ders Saati', '08:00 - 15:30', 'Devlet okulu olmasÄ±na raÄźmen son derece disiplinli, Ă¶Äźretmenleri idealist ve canla baĹźla Ă§alÄ±ĹźÄ±yorlar.', 'Metin SancaklÄ±', 4.5, 'Devlet Okulu', 24, 1, 19, 6, '[]', 400, '+20 KiĹźilik', 'MEB OdaklÄ± EÄźitim', '["Yemekhane","KapalÄ± Spor Salonu","Konferans Salonu"]', '["GĂĽvenlik","Rehberlik"]', '["Futbol","Voleybol","Basketbol"]', '["Ä°ngilizce","Almanca"]');
INSERT INTO private_schools (id, name, image, location, capacity, teachersCount, type, lessons, lessonHours, schoolHours, parentReviewText, reviewerName, rating, sector, averageClassSize, branchesCount, reviewsCount, imagesCount, deals, monthlyPrice, classSizeCategory, educationSystem, physicalFacilities, services, activities, languages) VALUES ('school-5', 'Mutlu Yumurcaklar Montessori Anaokulu', 'https://images.unsplash.com/photo-1576086213369-97a306d36557?auto=format&fit=crop&w=600&q=80', 'Ä°stanbul / Maltepe / KĂĽĂ§ĂĽkyalÄ±', 120, 12, 'Anaokulu', '["Duyu GeliĹźimi","AhĹźap Oyuncak AtĂ¶lyesi","MĂĽzik ve Ritim"]', 'HaftalÄ±k 30 Ders Saati', '08:30 - 17:00 (Tam GĂĽn)', 'KÄ±zÄ±mÄ±zÄ±n bireysel becerileri o kadar geliĹźti ki, kendi yemeÄźini kendi hazÄ±rlÄ±yor ve her Ĺźeyi topluyor. Montessori felsefesini tam uyguluyorlar.', 'Melis Atasoy', 4.9, 'Ă–zel Okul', 8, 2, 15, 9, '["%10 KardeĹź Ä°ndirimi","Yaz Okulu"]', 9500, '1-10 kiĹźilik', 'Montessori EÄźitimi', '["Yemekhane","KapalÄ± Spor Salonu"]', '["GĂĽvenlik","Rehberlik","Organik Beslenme"]', '["Judo","Masa Tenisi"]', '["Ä°ngilizce"]');
INSERT INTO special_courses (id, name, image, type, location, capacity, teachersCount, classes, hoursPerWeek, priceRange, parentReviewText, reviewerName, rating, branchesCount, averageClassSize) VALUES ('spec-1', 'Metropol LGS & YKS HazÄ±rlÄ±k Akademisi', 'https://images.unsplash.com/photo-1434030216411-0b793f4b4173?auto=format&fit=crop&w=600&q=80', 'YKS', 'Ä°stanbul / AtaĹźehir / AtatĂĽrk Mah.', 150, 14, '["SayÄ±sal Derece Grubu","EĹźit AÄźÄ±rlÄ±k Nokta AtÄ±ĹźÄ±","Geometri Pratik AtĂ¶lyesi"]', 'HaftalÄ±k 16 Saat EtĂĽt + Deneme', 'â‚ş125.000', 'KÄ±zÄ±m geĂ§en sene YKS sayÄ±sal alanda ilk 15 bin iĂ§erisine girdi. Rehberlik ve deneme takip sistemleri muhteĹźemdi.', 'SĂĽreyya Ă–zcan', 4.9, 5, 6);
INSERT INTO special_courses (id, name, image, type, location, capacity, teachersCount, classes, hoursPerWeek, priceRange, parentReviewText, reviewerName, rating, branchesCount, averageClassSize) VALUES ('spec-2', 'Vera GĂĽzel Sanatlar & Konservatuar AtĂ¶lyesi', 'https://images.unsplash.com/photo-1513364776144-60967b0f800f?auto=format&fit=crop&w=600&q=80', 'Yetenek SÄ±navlarÄ±', 'Ä°stanbul / KadÄ±kĂ¶y / GĂ¶ztepe', 80, 8, '["GĂĽzel Sanatlara HazÄ±rlÄ±k Portfolyosu","Piyano & Keman Metodolojisi","Heykel / Seramik"]', 'HaftalÄ±k 12 Saat Birebir AtĂ¶lye', 'â‚ş15.000', 'Resim yeteneÄźi olan oÄźlumu Mimar Sinan sÄ±navlarÄ±na hazÄ±rladÄ±lar ve kazandÄ±k! EÄźitmenler inanÄ±lmaz ilgili.', 'BĂĽlent Alkan', 5, 2, 4);
INSERT INTO special_courses (id, name, image, type, location, capacity, teachersCount, classes, hoursPerWeek, priceRange, parentReviewText, reviewerName, rating, branchesCount, averageClassSize) VALUES ('spec-3', 'Emniyet Direksiyon & GĂĽvenli SĂĽrĂĽĹź Kursu', 'https://images.unsplash.com/photo-1517524206127-48bbd363f3d7?auto=format&fit=crop&w=600&q=80', 'SĂĽrĂĽcĂĽ Kursu', 'Ä°stanbul / ĹžiĹźli / Merkez', 250, 12, '["Manuel/Otomatik Vites B SÄ±nÄ±fÄ±","Ä°leri SĂĽrĂĽĹź ve Defansif Teknikler","SimĂĽlasyonlu Park EÄźitimi"]', 'HaftalÄ±k 16 Saat Direksiyon', 'â‚ş12.500', 'SĂĽrĂĽĹź fobisi olan biri olarak sabÄ±rla bana trafiÄźi Ă¶Äźrettiler. Ä°lk sÄ±navda ehliyeti aldÄ±m, Ă§ok minnettarÄ±m.', 'Gizem YÄ±ldÄ±z', 4.6, 3, 1);
INSERT INTO teachers (id, name, avatar, rating, commentsCount, experienceYears, experienceLabel, bio, preferredLocation, canCorporate, canOnline, canFaceToFace, tags, category) VALUES ('teacher-1', 'Mehmet Ali Ă–ztĂĽrk', 'https://images.unsplash.com/photo-1500648767791-00dcc994a43e?auto=format&fit=crop&w=150&q=80', 4.9, 38, 12, '+10 YÄ±ldan Fazla', '2015''ten beri aktif olarak programlama ve yapay zeka eÄźitimleri vermekteyim. Ă–Äźrencilerime teoriden Ă§ok iĹź bulmalarÄ±nÄ± saÄźlayacak pratik becerileri kazandÄ±rmaya odaklanÄ±yorum.', 'Ä°stanbul Anadolu YakasÄ±', 1, 1, 1, '["Python","C#","Java","Mobil"]', 'BiliĹźim');
INSERT INTO teacher_sessions (teacherId, name, price, courseId) VALUES ('teacher-1', 'Python ile SÄ±fÄ±rdan Ä°leri Seviye', 825, 'kurs-1');
INSERT INTO teacher_sessions (teacherId, name, price, courseId) VALUES ('teacher-1', 'Yapay Zeka Destekli Mobil UygulamalarÄ±', 1125, 'kurs-2');
INSERT INTO teachers (id, name, avatar, rating, commentsCount, experienceYears, experienceLabel, bio, preferredLocation, canCorporate, canOnline, canFaceToFace, tags, category) VALUES ('teacher-2', 'Elif Ĺžahin', 'https://images.unsplash.com/photo-1544005313-94ddf0286df2?auto=format&fit=crop&w=150&q=80', 4.8, 24, 4, '1-5 YÄ±l', 'Yurt dÄ±ĹźÄ± deneyimli Ä°ngilizce ve Almanca Ă¶Äźretmeni. Akademik ve SÄ±nav (IELTS, TOEFL) hazÄ±rlÄ±k odaklÄ±, interaktif metodoloji ile her yaĹźtan kitleye akÄ±cÄ±lÄ±k kazandÄ±rÄ±yorum.', 'Ä°stanbul Avrupa YakasÄ±', 1, 1, 0, '["Ä°ngilizce","Almanca","TOEFL"]', 'Dil');
INSERT INTO teacher_sessions (teacherId, name, price, courseId) VALUES ('teacher-2', 'KonuĹźma OdaklÄ± Mesleki Ä°ngilizce', 650, NULL);
INSERT INTO teacher_sessions (teacherId, name, price, courseId) VALUES ('teacher-2', 'IELTS / TOEFL Nokta AtÄ±ĹźÄ± HazÄ±rlÄ±k', 950, NULL);
INSERT INTO teachers (id, name, avatar, rating, commentsCount, experienceYears, experienceLabel, bio, preferredLocation, canCorporate, canOnline, canFaceToFace, tags, category) VALUES ('teacher-3', 'Caner Ĺžen', 'https://images.unsplash.com/photo-1519085360753-af0119f7cbe7?auto=format&fit=crop&w=150&q=80', 5, 15, 7, '+5 YÄ±ldan Fazla', 'TĂśBÄ°TAK OlimpiyatlarÄ±nda derece sahibi Matematik EÄźitmeni. Ă–Äźrencilerin ders sevgisini artÄ±racak Ă¶zel formĂĽller ve LGS / YKS taktikleriyle yĂĽksek puan garantili Ă¶Äźretim.', 'Ä°stanbul Anadolu YakasÄ±', 0, 1, 1, '["Matematik","LGS","YKS"]', 'Lise/SÄ±nav');
INSERT INTO teacher_sessions (teacherId, name, price, courseId) VALUES ('teacher-3', 'Lise Ä°leri Matematik ve Geometri', 750, NULL);
INSERT INTO teacher_sessions (teacherId, name, price, courseId) VALUES ('teacher-3', 'LGS Derece Garantili Matematik KampÄ±', 890, NULL);
INSERT INTO teachers (id, name, avatar, rating, commentsCount, experienceYears, experienceLabel, bio, preferredLocation, canCorporate, canOnline, canFaceToFace, tags, category) VALUES ('teacher-4', 'Selin AktaĹź', 'https://images.unsplash.com/photo-1573496359142-b8d87734a5a2?auto=format&fit=crop&w=150&q=80', 4.6, 6, 1, 'Yeni', 'Sanat akademisi mezunu, Ă§ocuk yaĹź grubu ve yetiĹźkinler iĂ§in yaÄźlÄ± boya ve dijital illĂĽstrasyon mentĂ¶rĂĽ. Ä°Ă§inizdeki sanatĂ§Ä±yÄ± keĹźfetmek iĂ§in harika bir adÄ±mla baĹźlÄ±yoruz.', 'Ä°stanbul BeyoÄźlu', 1, 0, 1, '["Sanat","Resim","Figma","Ä°llĂĽstrasyon"]', 'Sanat');
INSERT INTO teacher_sessions (teacherId, name, price, courseId) VALUES ('teacher-4', 'Figma ile Dijital Karakter Ă‡izimi', 500, 'kurs-3');
INSERT INTO teacher_sessions (teacherId, name, price, courseId) VALUES ('teacher-4', 'Temel YaÄźlÄ± Boya Teknikleri AtĂ¶lyesi', 600, NULL);
INSERT INTO teachers (id, name, avatar, rating, commentsCount, experienceYears, experienceLabel, bio, preferredLocation, canCorporate, canOnline, canFaceToFace, tags, category) VALUES ('teacher-5', 'Deniz Soylu', 'https://images.unsplash.com/photo-1472099645785-5658abf4ff4e?auto=format&fit=crop&w=150&q=80', 4.9, 42, 15, '+10 YÄ±ldan Fazla', 'Eski milli sporcu ve akademisyen. Ă‡ocuklar ve yetiĹźkinler iĂ§in duruĹź bozukluklarÄ± dĂĽzeltme, kiĹźiye Ă¶zel atletizm ve yĂĽzme koordinasyon dersleri ile bizzat evinizde koĂ§luk.', 'Ankara''nÄ±n TamamÄ±', 1, 1, 1, '["Spor","SaÄźlÄ±k","PostĂĽr","KoĂ§luk"]', 'Spor');
INSERT INTO teacher_sessions (teacherId, name, price, courseId) VALUES ('teacher-5', 'Kardiyo ve DuruĹź BozukluÄźu Terapisi', 1200, NULL);
INSERT INTO teacher_sessions (teacherId, name, price, courseId) VALUES ('teacher-5', 'Masa BaĹźÄ± Ă‡alÄ±Ĺźanlar Ä°Ă§in PostĂĽr AtĂ¶lyesi', 1000, NULL);
INSERT INTO teachers (id, name, avatar, rating, commentsCount, experienceYears, experienceLabel, bio, preferredLocation, canCorporate, canOnline, canFaceToFace, tags, category) VALUES ('teacher-6', 'AyĹźe Karaca', 'https://images.unsplash.com/photo-1580489944761-15a19d654956?auto=format&fit=crop&w=150&q=80', 4.7, 11, 6, '+5 YÄ±ldan Fazla', 'YaratÄ±cÄ± Drama ve HÄ±zlÄ± Okuma UzmanÄ±. Ä°lkĂ¶Äźretim Ă§aÄźÄ±ndaki Ă§ocuklarÄ±n odaklanma sĂĽrelerini artÄ±rma, kitap okumayÄ± sevdirme ve sÄ±nav kaygÄ±larÄ±nÄ± minimize etme seanslarÄ±.', 'Ä°stanbul Anadolu YakasÄ±', 0, 1, 1, '["Ä°lkĂ¶Äźretim","Drama","HÄ±zlÄ± Okuma"]', 'Ä°lkĂ¶Äźretim');
INSERT INTO teacher_sessions (teacherId, name, price, courseId) VALUES ('teacher-6', 'Ä°lkĂ¶Äźretim HÄ±zlÄ± Okuma EÄźitimi', 680, NULL);
INSERT INTO teacher_sessions (teacherId, name, price, courseId) VALUES ('teacher-6', 'Ă‡ocuklar Ä°Ă§in YaratÄ±cÄ± Drama', 590, NULL);
INSERT INTO courses (id, title, category, level, duration, price, enrolledCount, rating, instructorName, instructorAvatar, instructorBio, image, hasChallenge, hasCohort, lessonsCount, xpReward, isPremiumIncluded, capstoneTitle, capstoneDesc, benefits, isActive) VALUES ('kurs-1', 'Python ile Sýfýrdan Ýleri Seviye', 'Biliţim', 'Baţlangýç', '8 Hafta', 825, 120, 4.9, 'Mehmet Ali Öztürk', 'https://images.unsplash.com/photo-1568602471122-7832951cc4c5?auto=format&fit=crop&w=150&q=80', 'Senior Developer', 'https://images.unsplash.com/photo-1526379095098-d400fd0bfce8?auto=format&fit=crop&w=600&q=80', 1, 1, 32, 1500, 1, 'Kendi Python Web Siten', 'Geliţmiţ bir python uygulamasýný yayýna alacađýz.', '["Sertifika", "Canlý Destek", "Projeler"]', 1);
INSERT INTO courses (id, title, category, level, duration, price, enrolledCount, rating, instructorName, instructorAvatar, instructorBio, image, hasChallenge, hasCohort, lessonsCount, xpReward, isPremiumIncluded, capstoneTitle, capstoneDesc, benefits, isActive) VALUES ('kurs-2', 'Yapay Zeka Destekli Mobil Uygulamalarý', 'Biliţim', 'Orta', '10 Hafta', 1125, 85, 4.8, 'Mehmet Ali Öztürk', 'https://images.unsplash.com/photo-1568602471122-7832951cc4c5?auto=format&fit=crop&w=150&q=80', 'Senior Developer', 'https://images.unsplash.com/photo-1512941937669-90a1b58e7e9c?auto=format&fit=crop&w=600&q=80', 1, 0, 40, 2000, 1, 'AI Mobil Uygulama', 'Kendi asistanýnýzý kodlayýn.', '["Sertifika", "Canlý Destek"]', 1);
INSERT INTO courses (id, title, category, level, duration, price, enrolledCount, rating, instructorName, instructorAvatar, instructorBio, image, hasChallenge, hasCohort, lessonsCount, xpReward, isPremiumIncluded, capstoneTitle, capstoneDesc, benefits, isActive) VALUES ('kurs-3', 'Figma ile Dijital Karakter Çizimi', 'Sanat', 'Baţlangýç', '6 Hafta', 500, 210, 4.6, 'Selin Aktaţ', 'https://images.unsplash.com/photo-1573496359142-b8d87734a5a2?auto=format&fit=crop&w=150&q=80', 'Sanat Akademisi', 'https://images.unsplash.com/photo-1611532736597-de2d4265fba3?auto=format&fit=crop&w=600&q=80', 0, 1, 24, 1000, 0, 'Karakter Portfolyosu', '5 farklý dijital karakter tasarýmý.', '["Sertifika", "Ödevler"]', 1);
INSERT INTO courses (id, title, category, level, duration, price, enrolledCount, rating, instructorName, instructorAvatar, instructorBio, image, hasChallenge, hasCohort, lessonsCount, xpReward, isPremiumIncluded, capstoneTitle, capstoneDesc, benefits, isActive) VALUES ('kurs-4', 'Konuţma Odaklý Mesleki Ýngilizce', 'Dil', 'Orta', '12 Hafta', 650, 400, 4.8, 'Elif Ţahin', 'https://images.unsplash.com/photo-1544005313-94ddf0286df2?auto=format&fit=crop&w=150&q=80', 'Yurt dýţý deneyimli', 'https://images.unsplash.com/photo-1523240795612-9a054b0db644?auto=format&fit=crop&w=600&q=80', 1, 1, 48, 1200, 1, 'Ýngilizce Mülakat', 'Gerçek mülakat simülasyonu.', '["Sertifika", "Speaking Club"]', 1);
INSERT INTO courses (id, title, category, level, duration, price, enrolledCount, rating, instructorName, instructorAvatar, instructorBio, image, hasChallenge, hasCohort, lessonsCount, xpReward, isPremiumIncluded, capstoneTitle, capstoneDesc, benefits, isActive) VALUES ('kurs-5', 'IELTS / TOEFL Nokta Atýţý Hazýrlýk', 'Dil', 'Ýleri', '16 Hafta', 950, 150, 4.9, 'Elif Ţahin', 'https://images.unsplash.com/photo-1544005313-94ddf0286df2?auto=format&fit=crop&w=150&q=80', 'Yurt dýţý deneyimli', 'https://images.unsplash.com/photo-1456513080510-7bf3a84b82f8?auto=format&fit=crop&w=600&q=80', 1, 1, 64, 3000, 1, 'Deneme Sýnavý', 'Gerçek zamanlý deneme sýnavý.', '["Denemeler", "Speaking Club"]', 1);
INSERT INTO courses (id, title, category, level, duration, price, enrolledCount, rating, instructorName, instructorAvatar, instructorBio, image, hasChallenge, hasCohort, lessonsCount, xpReward, isPremiumIncluded, capstoneTitle, capstoneDesc, benefits, isActive) VALUES ('kurs-6', 'Lise Ýleri Matematik ve Geometri', 'Lise', 'Tüm Seviyeler', 'Dönemlik', 750, 300, 5.0, 'Caner Ţen', 'https://images.unsplash.com/photo-1519085360753-af0119f7cbe7?auto=format&fit=crop&w=150&q=80', 'Olimpiyat Eđi.', 'https://images.unsplash.com/photo-1509228468518-180dd4864904?auto=format&fit=crop&w=600&q=80', 1, 0, 80, 2500, 1, 'YKS Matematik', 'Tüm soru tipleri analizi.', '["Soru Bankasý", "Birebir"]', 1);
INSERT INTO courses (id, title, category, level, duration, price, enrolledCount, rating, instructorName, instructorAvatar, instructorBio, image, hasChallenge, hasCohort, lessonsCount, xpReward, isPremiumIncluded, capstoneTitle, capstoneDesc, benefits, isActive) VALUES ('kurs-7', 'LGS Derece Garantili Matematik Kampý', 'Ýlköđretim', 'Ýleri', 'Yaz Kampý', 890, 450, 5.0, 'Caner Ţen', 'https://images.unsplash.com/photo-1519085360753-af0119f7cbe7?auto=format&fit=crop&w=150&q=80', 'Olimpiyat Eđi.', 'https://images.unsplash.com/photo-1509228468518-180dd4864904?auto=format&fit=crop&w=600&q=80', 1, 1, 50, 2000, 1, 'Derece Kampý', 'LGS derece denemeleri.', '["Soru Bankasý", "Birebir"]', 1);
INSERT INTO courses (id, title, category, level, duration, price, enrolledCount, rating, instructorName, instructorAvatar, instructorBio, image, hasChallenge, hasCohort, lessonsCount, xpReward, isPremiumIncluded, capstoneTitle, capstoneDesc, benefits, isActive) VALUES ('kurs-8', 'Temel Yađlý Boya Teknikleri Atölyesi', 'Sanat', 'Baţlangýç', '8 Hafta', 600, 90, 4.6, 'Selin Aktaţ', 'https://images.unsplash.com/photo-1573496359142-b8d87734a5a2?auto=format&fit=crop&w=150&q=80', 'Sanat Akademisi', 'https://images.unsplash.com/photo-1460661419201-fd4cecdf8a8b?auto=format&fit=crop&w=600&q=80', 0, 1, 16, 800, 0, 'Kendi Tablon', 'Sýfýrdan yađlý boya tablosu.', '["Malzeme Listesi", "Grup Dersi"]', 1);
INSERT INTO courses (id, title, category, level, duration, price, enrolledCount, rating, instructorName, instructorAvatar, instructorBio, image, hasChallenge, hasCohort, lessonsCount, xpReward, isPremiumIncluded, capstoneTitle, capstoneDesc, benefits, isActive) VALUES ('kurs-9', 'Kardiyo ve Duruţ Bozukluđu Terapisi', 'Spor', 'Tüm Seviyeler', '12 Hafta', 1200, 150, 4.9, 'Deniz Soylu', 'https://images.unsplash.com/photo-1472099645785-5658abf4ff4e?auto=format&fit=crop&w=150&q=80', 'Milli Sporcu', 'https://images.unsplash.com/photo-1517836357463-d25dfeac3438?auto=format&fit=crop&w=600&q=80', 1, 0, 24, 1500, 1, 'Postür Analizi', '12 haftalýk geliţim raporu.', '["Birebir Diyet", "Ölçüm"]', 1);
INSERT INTO courses (id, title, category, level, duration, price, enrolledCount, rating, instructorName, instructorAvatar, instructorBio, image, hasChallenge, hasCohort, lessonsCount, xpReward, isPremiumIncluded, capstoneTitle, capstoneDesc, benefits, isActive) VALUES ('kurs-10', 'Masa Baţý Çalýţanlar Ýçin Postür Atölyesi', 'Spor', 'Baţlangýç', '4 Hafta', 1000, 250, 4.9, 'Deniz Soylu', 'https://images.unsplash.com/photo-1472099645785-5658abf4ff4e?auto=format&fit=crop&w=150&q=80', 'Milli Sporcu', 'https://images.unsplash.com/photo-1517836357463-d25dfeac3438?auto=format&fit=crop&w=600&q=80', 0, 1, 8, 500, 0, 'Ofis Egzersizleri', 'Günlük pratikler serisi.', '["Videolar", "Grup Dersi"]', 1);
INSERT INTO courses (id, title, category, level, duration, price, enrolledCount, rating, instructorName, instructorAvatar, instructorBio, image, hasChallenge, hasCohort, lessonsCount, xpReward, isPremiumIncluded, capstoneTitle, capstoneDesc, benefits, isActive) VALUES ('kurs-11', 'Ýlköđretim Hýzlý Okuma Eđitimi', 'Ýlköđretim', 'Baţlangýç', '6 Hafta', 680, 500, 4.7, 'Ayţe Karaca', 'https://images.unsplash.com/photo-1580489944761-15a19d654956?auto=format&fit=crop&w=150&q=80', 'Drama Uzmaný', 'https://images.unsplash.com/photo-1512820790803-83ca734da794?auto=format&fit=crop&w=600&q=80', 1, 0, 12, 1000, 0, 'Kelime Hýzý', '2x okuma hýzýna ulaţma.', '["Materyaller", "Sertifika"]', 1);
INSERT INTO courses (id, title, category, level, duration, price, enrolledCount, rating, instructorName, instructorAvatar, instructorBio, image, hasChallenge, hasCohort, lessonsCount, xpReward, isPremiumIncluded, capstoneTitle, capstoneDesc, benefits, isActive) VALUES ('kurs-12', 'Çocuklar Ýçin Yaratýcý Drama', 'Ýlköđretim', 'Tüm Seviyeler', '8 Hafta', 590, 340, 4.7, 'Ayţe Karaca', 'https://images.unsplash.com/photo-1580489944761-15a19d654956?auto=format&fit=crop&w=150&q=80', 'Drama Uzmaný', 'https://images.unsplash.com/photo-1512820790803-83ca734da794?auto=format&fit=crop&w=600&q=80', 0, 1, 16, 800, 0, 'Sömestr Oyunu', 'Dönem sonu küçük tiyatro.', '["Kostüm", "Grup Dersi"]', 1);
